-- phpMyAdmin SQL Dump
-- version 5.2.0
-- https://www.phpmyadmin.net/
--
-- Máy chủ: 127.0.0.1
-- Thời gian đã tạo: Th3 22, 2023 lúc 05:59 PM
-- Phiên bản máy phục vụ: 10.4.25-MariaDB
-- Phiên bản PHP: 8.1.10

SET SQL_MODE = "NO_AUTO_VALUE_ON_ZERO";
START TRANSACTION;
SET time_zone = "+00:00";


/*!40101 SET @OLD_CHARACTER_SET_CLIENT=@@CHARACTER_SET_CLIENT */;
/*!40101 SET @OLD_CHARACTER_SET_RESULTS=@@CHARACTER_SET_RESULTS */;
/*!40101 SET @OLD_COLLATION_CONNECTION=@@COLLATION_CONNECTION */;
/*!40101 SET NAMES utf8mb4 */;

--
-- Cơ sở dữ liệu: `congtyxangdau2`
--

-- --------------------------------------------------------

--
-- Cấu trúc bảng cho bảng `congtydaumoi`
--

CREATE TABLE `congtydaumoi` (
  `ct_ma` int(11) NOT NULL,
  `ct_ten` varchar(100) COLLATE utf8mb4_vietnamese_ci NOT NULL,
  `ct_diachi` varchar(100) COLLATE utf8mb4_vietnamese_ci NOT NULL,
  `ct_sdt` varchar(12) COLLATE utf8mb4_vietnamese_ci NOT NULL,
  `ct_lat` varchar(30) COLLATE utf8mb4_vietnamese_ci NOT NULL,
  `ct_long` varchar(30) COLLATE utf8mb4_vietnamese_ci NOT NULL,
  `ql_ma` int(11) NOT NULL,
  `px_ma` int(11) NOT NULL
) ENGINE=InnoDB DEFAULT CHARSET=utf8mb4 COLLATE=utf8mb4_vietnamese_ci;

--
-- Đang đổ dữ liệu cho bảng `congtydaumoi`
--

INSERT INTO `congtydaumoi` (`ct_ma`, `ct_ten`, `ct_diachi`, `ct_sdt`, `ct_lat`, `ct_long`, `ql_ma`, `px_ma`) VALUES
(1, 'Công ty A', 'c', '0123', '10.0242981', '105.7500494', 1, 15),
(2, 'Công ty B', 's', '232', '10.0242981', '105.7500494', 1, 25),
(3, 'Công ty C', '3/2', '0123', '10.0242981', '105.7500494', 1, 12),
(4, 'Công ty D', 'sinh to', '0123', '10.024882', '105.765995', 1, 14);

-- --------------------------------------------------------

--
-- Cấu trúc bảng cho bảng `ct_quanhuyen`
--

CREATE TABLE `ct_quanhuyen` (
  `qh_ma` int(11) NOT NULL,
  `x` varchar(100) COLLATE utf8mb4_vietnamese_ci NOT NULL,
  `y` varchar(100) COLLATE utf8mb4_vietnamese_ci NOT NULL
) ENGINE=InnoDB DEFAULT CHARSET=utf8mb4 COLLATE=utf8mb4_vietnamese_ci;

--
-- Đang đổ dữ liệu cho bảng `ct_quanhuyen`
--

INSERT INTO `ct_quanhuyen` (`qh_ma`, `x`, `y`) VALUES
(1, '105.8015434', '10.04335196'),
(1, '105.8046735', '10.03897734'),
(1, '105.8125938', '10.02667019'),
(1, '105.8215364', '10.01106026'),
(1, '105.8232852', '10.00800734'),
(1, '105.8296359', '10.0000199'),
(1, '105.8337206', '9.994951629'),
(1, '105.8353131', '9.992975654'),
(1, '105.842581', '9.984050861'),
(1, '105.8429035', '9.983684874'),
(1, '105.8379602', '9.980440517'),
(1, '105.836888', '9.979304888'),
(1, '105.8342979', '9.979311379'),
(1, '105.8332111', '9.979065501'),
(1, '105.8312446', '9.97782745'),
(1, '105.8285657', '9.975762523'),
(1, '105.8267218', '9.973446908'),
(1, '105.8224537', '9.970640084'),
(1, '105.8189385', '9.968162797'),
(1, '105.8172624', '9.966095303'),
(1, '105.8169577', '9.965409978'),
(1, '105.8018319', '9.963350986'),
(1, '105.7822511', '9.959704041'),
(1, '105.7794599', '9.959222524'),
(1, '105.7774764', '9.959027497'),
(1, '105.7760924', '9.95884215'),
(1, '105.7757441', '9.957833591'),
(1, '105.7754184', '9.956592053'),
(1, '105.7751637', '9.956148967'),
(1, '105.7750017', '9.955905326'),
(1, '105.7747246', '9.955706312'),
(1, '105.7744477', '9.955640406'),
(1, '105.7741018', '9.955641206'),
(1, '105.773756', '9.955664192'),
(1, '105.7734102', '9.955709354'),
(1, '105.7729495', '9.955887887'),
(1, '105.7725119', '9.956110737'),
(1, '105.7718901', '9.956444929'),
(1, '105.7609216', '9.959642376'),
(1, '105.7605544', '9.959649434'),
(1, '105.7590316', '9.960188633'),
(1, '105.7568899', '9.960543716'),
(1, '105.7556856', '9.96075984'),
(1, '105.7538834', '9.961083271'),
(1, '105.7447623', '9.965365836'),
(1, '105.7400193', '9.96839865'),
(1, '105.7371329', '9.970244242'),
(1, '105.7350877', '9.971449772'),
(1, '105.7337352', '9.970323429'),
(1, '105.7298444', '9.970417714'),
(1, '105.7282028', '9.971021611'),
(1, '105.7274265', '9.971880886'),
(1, '105.7263059', '9.973426983'),
(1, '105.7233715', '9.975920359'),
(1, '105.722919', '9.976156673'),
(1, '105.7219987', '9.97663731'),
(1, '105.7227918', '9.979884565'),
(1, '105.7236734', '9.980044126'),
(1, '105.7244529', '9.97928739'),
(1, '105.7253891', '9.978302789'),
(1, '105.7262381', '9.978235494'),
(1, '105.7271624', '9.978322044'),
(1, '105.7309126', '9.980887903'),
(1, '105.7340969', '9.985819754'),
(1, '105.7367513', '9.990153692'),
(1, '105.7344233', '9.98978139'),
(1, '105.7323169', '9.990452858'),
(1, '105.7321876', '9.991608581'),
(1, '105.731825', '9.992761771'),
(1, '105.7315345', '9.994984008'),
(1, '105.7347984', '9.994600248'),
(1, '105.7351364', '9.994699707'),
(1, '105.7356603', '9.994853466'),
(1, '105.7382049', '9.995605708'),
(1, '105.7399003', '9.996834807'),
(1, '105.7418184', '10.00000358'),
(1, '105.7437116', '10.00562691'),
(1, '105.7463467', '10.00728436'),
(1, '105.7496495', '10.00861922'),
(1, '105.7511402', '10.00914453'),
(1, '105.7531469', '10.00953646'),
(1, '105.7550173', '10.00955652'),
(1, '105.7574559', '10.00893445'),
(1, '105.7597099', '10.00807888'),
(1, '105.7625226', '10.00746074'),
(1, '105.7638766', '10.00766041'),
(1, '105.7650405', '10.00813583'),
(1, '105.7659214', '10.00883973'),
(1, '105.7673102', '10.01015093'),
(1, '105.769249', '10.0124866'),
(1, '105.7696144', '10.01305768'),
(1, '105.7703527', '10.01421146'),
(1, '105.7714072', '10.01616731'),
(1, '105.7719487', '10.01797879'),
(1, '105.7726081', '10.02187504'),
(1, '105.7731074', '10.02326938'),
(1, '105.7738904', '10.02438894'),
(1, '105.7753331', '10.02505248'),
(1, '105.7768738', '10.02530035'),
(1, '105.7789771', '10.02541527'),
(1, '105.781171', '10.02580893'),
(1, '105.7835028', '10.02643553'),
(1, '105.785036', '10.02737778'),
(1, '105.7865633', '10.02887557'),
(1, '105.7871976', '10.03078064'),
(1, '105.7875463', '10.03314571'),
(1, '105.7878965', '10.03537189'),
(1, '105.7884911', '10.03662833'),
(1, '105.7904896', '10.03780697'),
(1, '105.7925433', '10.03819905'),
(1, '105.7947329', '10.03900925'),
(1, '105.7956982', '10.04059369'),
(1, '105.7997806', '10.04479126'),
(1, '105.8002028', '10.04522551'),
(1, '105.8015434', '10.04335196'),
(2, '105.7061121', '10.05507547'),
(2, '105.7087844', '10.05510472'),
(2, '105.7072476', '10.0530897'),
(2, '105.7057739', '10.05115749'),
(2, '105.7059153', '10.04989638'),
(2, '105.7066928', '10.04864224'),
(2, '105.7118503', '10.04263791'),
(2, '105.7119874', '10.04175556'),
(2, '105.708077', '10.02875959'),
(2, '105.706956', '10.02503388'),
(2, '105.7055178', '10.01706376'),
(2, '105.7062215', '10.01101108'),
(2, '105.7120499', '10.00845046'),
(2, '105.7149899', '10.00715871'),
(2, '105.7225214', '10.00499533'),
(2, '105.7234123', '10.00482042'),
(2, '105.7304353', '10.00246664'),
(2, '105.7309106', '10.00166179'),
(2, '105.7309336', '9.999579189'),
(2, '105.7315345', '9.994984008'),
(2, '105.731825', '9.992761771'),
(2, '105.7321876', '9.991608581'),
(2, '105.7323169', '9.990452858'),
(2, '105.7344233', '9.98978139'),
(2, '105.7367513', '9.990153692'),
(2, '105.7340969', '9.985819754'),
(2, '105.7309126', '9.980887903'),
(2, '105.7271624', '9.978322044'),
(2, '105.7262381', '9.978235494'),
(2, '105.7253891', '9.978302789'),
(2, '105.7244529', '9.97928739'),
(2, '105.7236734', '9.980044126'),
(2, '105.7227918', '9.979884565'),
(2, '105.7219987', '9.97663731'),
(2, '105.7218464', '9.974455551'),
(2, '105.7208509', '9.972175149'),
(2, '105.7169562', '9.966710998'),
(2, '105.714315', '9.96327787'),
(2, '105.7095151', '9.958938535'),
(2, '105.7090951', '9.958516676'),
(2, '105.7022583', '9.95957623'),
(2, '105.7018834', '9.955150021'),
(2, '105.693435', '9.956441453'),
(2, '105.6927993', '9.95632817'),
(2, '105.6921623', '9.955641836'),
(2, '105.6914669', '9.954611801'),
(2, '105.6908302', '9.953982772'),
(2, '105.6862623', '9.952043835'),
(2, '105.6854579', '9.951800952'),
(2, '105.6819269', '9.950734698'),
(2, '105.6789198', '9.949250905'),
(2, '105.6745798', '9.945706814'),
(2, '105.6688943', '9.940264663'),
(2, '105.6682684', '9.940816904'),
(2, '105.6663456', '9.942519503'),
(2, '105.6625005', '9.946109985'),
(2, '105.6569941', '9.951063163'),
(2, '105.6600302', '9.953752849'),
(2, '105.6611668', '9.954781144'),
(2, '105.6646821', '9.958033464'),
(2, '105.6649759', '9.958302165'),
(2, '105.6653921', '9.958656207'),
(2, '105.6661384', '9.959291064'),
(2, '105.6681451', '9.961112372'),
(2, '105.66865', '9.961545677'),
(2, '105.6693773', '9.96227212'),
(2, '105.6700031', '9.96293228'),
(2, '105.6709081', '9.963872522'),
(2, '105.6711145', '9.964118857'),
(2, '105.6714618', '9.964572361'),
(2, '105.6719433', '9.965207545'),
(2, '105.6709072', '9.965891586'),
(2, '105.6692698', '9.966346225'),
(2, '105.6663594', '9.967345037'),
(2, '105.6576921', '9.967362219'),
(2, '105.6584286', '9.971763358'),
(2, '105.650593', '9.97442445'),
(2, '105.64549', '9.97693976'),
(2, '105.6453526', '9.976503738'),
(2, '105.6446216', '9.975060808'),
(2, '105.6444378', '9.974158449'),
(2, '105.6446183', '9.97334564'),
(2, '105.6452538', '9.972531974'),
(2, '105.6454344', '9.971809457'),
(2, '105.6452506', '9.970907086'),
(2, '105.6440589', '9.96657635'),
(2, '105.6425977', '9.964051555'),
(2, '105.6402716', '9.961392999'),
(2, '105.6360349', '9.959099161'),
(2, '105.6348062', '9.959101497'),
(2, '105.6335794', '9.960051681'),
(2, '105.632489', '9.961001607'),
(2, '105.6313971', '9.961139072'),
(2, '105.6303029', '9.960057879'),
(2, '105.6283864', '9.957353315'),
(2, '105.6274279', '9.955865635'),
(2, '105.6274248', '9.95424074'),
(2, '105.6272846', '9.952345289'),
(2, '105.6260519', '9.950181072'),
(2, '105.6173737', '9.946540157'),
(2, '105.6128256', '9.951409841'),
(2, '105.6119274', '9.952368166'),
(2, '105.6032384', '9.961638296'),
(2, '105.6004311', '9.964662812'),
(2, '105.5974211', '9.967863127'),
(2, '105.5971374', '9.968166715'),
(2, '105.5849613', '9.981251824'),
(2, '105.5823837', '9.984078611'),
(2, '105.5807771', '9.984913144'),
(2, '105.5790969', '9.985845098'),
(2, '105.5792947', '9.986517253'),
(2, '105.5813364', '9.990946629'),
(2, '105.5815642', '9.991440861'),
(2, '105.5843442', '10.00182896'),
(2, '105.5858732', '10.00821297'),
(2, '105.5933329', '10.01042097'),
(2, '105.6024027', '10.01211661'),
(2, '105.6164149', '10.02272823'),
(2, '105.6190073', '10.02469125'),
(2, '105.6255693', '10.04853559'),
(2, '105.6269399', '10.04701692'),
(2, '105.6300278', '10.04743544'),
(2, '105.6338932', '10.04747914'),
(2, '105.638556', '10.04542223'),
(2, '105.640313', '10.04390782'),
(2, '105.6416113', '10.04854091'),
(2, '105.6419843', '10.0498717'),
(2, '105.6464405', '10.04896294'),
(2, '105.6633272', '10.04282342'),
(2, '105.6638054', '10.04304891'),
(2, '105.6658266', '10.04400193'),
(2, '105.6740309', '10.05349024'),
(2, '105.6799202', '10.05276671'),
(2, '105.6819505', '10.05329426'),
(2, '105.6865161', '10.05473368'),
(2, '105.6921068', '10.05555296'),
(2, '105.6987242', '10.05562576'),
(2, '105.7061121', '10.05507547'),
(3, '105.7828529', '10.06821334'),
(3, '105.7861491', '10.06472396'),
(3, '105.7925596', '10.05587164'),
(3, '105.7929985', '10.05526548'),
(3, '105.7946914', '10.05292767'),
(3, '105.7974538', '10.04906731'),
(3, '105.8002028', '10.04522551'),
(3, '105.7997806', '10.04479126'),
(3, '105.7956982', '10.04059369'),
(3, '105.7947329', '10.03900925'),
(3, '105.7925433', '10.03819905'),
(3, '105.7904896', '10.03780697'),
(3, '105.7884911', '10.03662833'),
(3, '105.7878965', '10.03537189'),
(3, '105.7875463', '10.03314571'),
(3, '105.7871976', '10.03078064'),
(3, '105.7865633', '10.02887557'),
(3, '105.785036', '10.02737778'),
(3, '105.7835028', '10.02643553'),
(3, '105.781171', '10.02580893'),
(3, '105.7789771', '10.02541527'),
(3, '105.7768738', '10.02530035'),
(3, '105.7753331', '10.02505248'),
(3, '105.7738904', '10.02438894'),
(3, '105.7731074', '10.02326938'),
(3, '105.7726081', '10.02187504'),
(3, '105.7719487', '10.01797879'),
(3, '105.7714072', '10.01616731'),
(3, '105.7703527', '10.01421146'),
(3, '105.7696144', '10.01305768'),
(3, '105.769249', '10.0124866'),
(3, '105.7673102', '10.01015093'),
(3, '105.7659214', '10.00883973'),
(3, '105.7650405', '10.00813583'),
(3, '105.7638766', '10.00766041'),
(3, '105.7625226', '10.00746074'),
(3, '105.7597099', '10.00807888'),
(3, '105.7574559', '10.00893445'),
(3, '105.7550173', '10.00955652'),
(3, '105.7531469', '10.00953646'),
(3, '105.7511402', '10.00914453'),
(3, '105.7496495', '10.00861922'),
(3, '105.7463467', '10.00728436'),
(3, '105.7437116', '10.00562691'),
(3, '105.7418184', '10.00000358'),
(3, '105.7399003', '9.996834807'),
(3, '105.7382049', '9.995605708'),
(3, '105.7356603', '9.994853466'),
(3, '105.7351364', '9.994699707'),
(3, '105.7347984', '9.994600248'),
(3, '105.7315345', '9.994984008'),
(3, '105.7309336', '9.999579189'),
(3, '105.7309106', '10.00166179'),
(3, '105.7304353', '10.00246664'),
(3, '105.7234123', '10.00482042'),
(3, '105.7225214', '10.00499533'),
(3, '105.7149899', '10.00715871'),
(3, '105.7120499', '10.00845046'),
(3, '105.7062215', '10.01101108'),
(3, '105.7086196', '10.01327672'),
(3, '105.7099282', '10.01452121'),
(3, '105.7109985', '10.01453291'),
(3, '105.7121596', '10.0145456'),
(3, '105.7147279', '10.01399955'),
(3, '105.7171337', '10.01320567'),
(3, '105.7206111', '10.01266947'),
(3, '105.724735', '10.01345242'),
(3, '105.7299226', '10.01523096'),
(3, '105.7339487', '10.01740688'),
(3, '105.738275', '10.01924386'),
(3, '105.7409258', '10.02182892'),
(3, '105.7425373', '10.0256189'),
(3, '105.7441435', '10.02990093'),
(3, '105.7443582', '10.03293776'),
(3, '105.7432469', '10.03628839'),
(3, '105.7431399', '10.03850165'),
(3, '105.7437086', '10.03940994'),
(3, '105.7466653', '10.0411641'),
(3, '105.7497136', '10.04209904'),
(3, '105.752187', '10.04269971'),
(3, '105.7536542', '10.04460182'),
(3, '105.7556964', '10.04697059'),
(3, '105.762731', '10.0512612'),
(3, '105.7666872', '10.05449688'),
(3, '105.7712969', '10.05684528'),
(3, '105.7733471', '10.05776126'),
(3, '105.7703293', '10.06296651'),
(3, '105.7805231', '10.06986617'),
(3, '105.7828529', '10.06821334'),
(4, '105.7064643', '10.11892404'),
(4, '105.7093286', '10.1171219'),
(4, '105.7144848', '10.11342433'),
(4, '105.723048', '10.10633952'),
(4, '105.7278868', '10.10233576'),
(4, '105.7323209', '10.09925394'),
(4, '105.7427411', '10.09441784'),
(4, '105.7481054', '10.09174333'),
(4, '105.7510966', '10.09009813'),
(4, '105.7523315', '10.08909163'),
(4, '105.7601676', '10.08270459'),
(4, '105.7641873', '10.07931614'),
(4, '105.7767479', '10.07254058'),
(4, '105.7805231', '10.06986617'),
(4, '105.7703293', '10.06296651'),
(4, '105.7733471', '10.05776126'),
(4, '105.7712969', '10.05684528'),
(4, '105.7666872', '10.05449688'),
(4, '105.762731', '10.0512612'),
(4, '105.7556964', '10.04697059'),
(4, '105.7536542', '10.04460182'),
(4, '105.752187', '10.04269971'),
(4, '105.7497136', '10.04209904'),
(4, '105.7466653', '10.0411641'),
(4, '105.7437086', '10.03940994'),
(4, '105.7431399', '10.03850165'),
(4, '105.7432469', '10.03628839'),
(4, '105.7443582', '10.03293776'),
(4, '105.7441435', '10.02990093'),
(4, '105.7425373', '10.0256189'),
(4, '105.7409258', '10.02182892'),
(4, '105.738275', '10.01924386'),
(4, '105.7339487', '10.01740688'),
(4, '105.7299226', '10.01523096'),
(4, '105.724735', '10.01345242'),
(4, '105.7206111', '10.01266947'),
(4, '105.7171337', '10.01320567'),
(4, '105.7147279', '10.01399955'),
(4, '105.7121596', '10.0145456'),
(4, '105.7109985', '10.01453291'),
(4, '105.7099282', '10.01452121'),
(4, '105.7086196', '10.01327672'),
(4, '105.7062215', '10.01101108'),
(4, '105.7055178', '10.01706376'),
(4, '105.706956', '10.02503388'),
(4, '105.708077', '10.02875959'),
(4, '105.7119874', '10.04175556'),
(4, '105.7118503', '10.04263791'),
(4, '105.7066928', '10.04864224'),
(4, '105.7059153', '10.04989638'),
(4, '105.7057739', '10.05115749'),
(4, '105.7072476', '10.0530897'),
(4, '105.7087844', '10.05510472'),
(4, '105.7061121', '10.05507547'),
(4, '105.6987242', '10.05562576'),
(4, '105.6921068', '10.05555296'),
(4, '105.6865161', '10.05473368'),
(4, '105.6819505', '10.05329426'),
(4, '105.6799202', '10.05276671'),
(4, '105.6740309', '10.05349024'),
(4, '105.6731733', '10.0609601'),
(4, '105.6711601', '10.06803364'),
(4, '105.6665492', '10.07122409'),
(4, '105.6643405', '10.07275229'),
(4, '105.6631524', '10.07523224'),
(4, '105.6633239', '10.07715201'),
(4, '105.6673158', '10.08314189'),
(4, '105.6687228', '10.08272285'),
(4, '105.6704195', '10.08221749'),
(4, '105.6768224', '10.08017895'),
(4, '105.6775956', '10.08018752'),
(4, '105.6781517', '10.08230334'),
(4, '105.6796895', '10.08308753'),
(4, '105.6897156', '10.0854998'),
(4, '105.7021585', '10.09656869'),
(4, '105.6994952', '10.10996503'),
(4, '105.7026899', '10.11593519'),
(4, '105.7050904', '10.11978851'),
(4, '105.7064643', '10.11892404'),
(5, '105.5811181', '10.14139406'),
(5, '105.5885835', '10.13411871'),
(5, '105.5943473', '10.12857465'),
(5, '105.5955913', '10.12759017'),
(5, '105.6038356', '10.12021664'),
(5, '105.6062029', '10.11793621'),
(5, '105.6100684', '10.11434372'),
(5, '105.6116049', '10.11301478'),
(5, '105.6139416', '10.11072503'),
(5, '105.621837', '10.09939853'),
(5, '105.6229044', '10.09165027'),
(5, '105.6235545', '10.08387662'),
(5, '105.6244707', '10.07609928'),
(5, '105.6247968', '10.07333091'),
(5, '105.6250173', '10.07087494'),
(5, '105.6255767', '10.06464514'),
(5, '105.6266581', '10.05468482'),
(5, '105.6259248', '10.05122451'),
(5, '105.6255693', '10.04853559'),
(5, '105.6190073', '10.02469125'),
(5, '105.6164149', '10.02272823'),
(5, '105.6024027', '10.01211661'),
(5, '105.5933329', '10.01042097'),
(5, '105.5858732', '10.00821297'),
(5, '105.5843442', '10.00182896'),
(5, '105.5815642', '9.991440861'),
(5, '105.5725739', '9.99531516'),
(5, '105.5703388', '9.990484341'),
(5, '105.5677872', '9.984969088'),
(5, '105.5609901', '9.987820696'),
(5, '105.5492318', '9.961858375'),
(5, '105.5541321', '9.959795917'),
(5, '105.5484099', '9.953397549'),
(5, '105.5489527', '9.952910843'),
(5, '105.5437259', '9.9412005'),
(5, '105.540058', '9.941959891'),
(5, '105.5366573', '9.934418858'),
(5, '105.5331686', '9.926503257'),
(5, '105.5308953', '9.92014077'),
(5, '105.5198722', '9.930502649'),
(5, '105.5020718', '9.94674241'),
(5, '105.4936546', '9.954420784'),
(5, '105.4780317', '9.968999152'),
(5, '105.4773621', '9.969607116'),
(5, '105.4438792', '10.00000016'),
(5, '105.4430121', '10.00130166'),
(5, '105.4424661', '10.00185242'),
(5, '105.436546', '10.00755868'),
(5, '105.4305798', '10.01317187'),
(5, '105.4245655', '10.0187812'),
(5, '105.4238285', '10.01946952'),
(5, '105.4337519', '10.02499936'),
(5, '105.4386388', '10.0373349'),
(5, '105.44076', '10.05100084'),
(5, '105.4439393', '10.05331302'),
(5, '105.4558754', '10.05163965'),
(5, '105.4567652', '10.05160402'),
(5, '105.4660725', '10.05123107'),
(5, '105.4732988', '10.05094122'),
(5, '105.4852234', '10.05017539'),
(5, '105.4980589', '10.04987443'),
(5, '105.5026079', '10.05265674'),
(5, '105.5020724', '10.0590158'),
(5, '105.5061744', '10.06088339'),
(5, '105.5007904', '10.08120575'),
(5, '105.4999301', '10.08445268'),
(5, '105.500311', '10.09082302'),
(5, '105.5058217', '10.08997931'),
(5, '105.5081297', '10.08864267'),
(5, '105.5117961', '10.08868625'),
(5, '105.5683179', '10.13443644'),
(5, '105.5792002', '10.14324486'),
(5, '105.5811181', '10.14139406'),
(6, '105.5990127', '10.19988277'),
(6, '105.6104408', '10.19187383'),
(6, '105.6139849', '10.18958864'),
(6, '105.6250371', '10.18420144'),
(6, '105.6268285', '10.18364571'),
(6, '105.6402341', '10.17133159'),
(6, '105.6470392', '10.16486693'),
(6, '105.6498282', '10.16140644'),
(6, '105.6545613', '10.15553347'),
(6, '105.6572676', '10.15214119'),
(6, '105.6601252', '10.14855904'),
(6, '105.6619814', '10.14701928'),
(6, '105.6808431', '10.13504828'),
(6, '105.6818909', '10.13438322'),
(6, '105.7050904', '10.11978851'),
(6, '105.7026899', '10.11593519'),
(6, '105.6994952', '10.10996503'),
(6, '105.7021585', '10.09656869'),
(6, '105.6897156', '10.0854998'),
(6, '105.6796895', '10.08308753'),
(6, '105.6781517', '10.08230334'),
(6, '105.6775956', '10.08018752'),
(6, '105.6768224', '10.08017895'),
(6, '105.6704195', '10.08221749'),
(6, '105.6687228', '10.08272285'),
(6, '105.6673158', '10.08314189'),
(6, '105.6633239', '10.07715201'),
(6, '105.6631524', '10.07523224'),
(6, '105.6643405', '10.07275229'),
(6, '105.6665492', '10.07122409'),
(6, '105.6711601', '10.06803364'),
(6, '105.6731733', '10.0609601'),
(6, '105.6740309', '10.05349024'),
(6, '105.6658266', '10.04400193'),
(6, '105.6638054', '10.04304891'),
(6, '105.6633272', '10.04282342'),
(6, '105.6464405', '10.04896294'),
(6, '105.6419843', '10.0498717'),
(6, '105.6416113', '10.04854091'),
(6, '105.640313', '10.04390782'),
(6, '105.638556', '10.04542223'),
(6, '105.6338932', '10.04747914'),
(6, '105.6300278', '10.04743544'),
(6, '105.6269399', '10.04701692'),
(6, '105.6255693', '10.04853559'),
(6, '105.6259248', '10.05122451'),
(6, '105.6266581', '10.05468482'),
(6, '105.6255767', '10.06464514'),
(6, '105.6250173', '10.07087494'),
(6, '105.6247968', '10.07333091'),
(6, '105.6244707', '10.07609928'),
(6, '105.6235545', '10.08387662'),
(6, '105.6229044', '10.09165027'),
(6, '105.621837', '10.09939853'),
(6, '105.6139416', '10.11072503'),
(6, '105.6116049', '10.11301478'),
(6, '105.6100684', '10.11434372'),
(6, '105.6062029', '10.11793621'),
(6, '105.6038356', '10.12021664'),
(6, '105.5955913', '10.12759017'),
(6, '105.5943473', '10.12857465'),
(6, '105.5885835', '10.13411871'),
(6, '105.5811181', '10.14139406'),
(6, '105.5792002', '10.14324486'),
(6, '105.577457', '10.14492706'),
(6, '105.5680638', '10.15366775'),
(6, '105.5676188', '10.15404985'),
(6, '105.5655723', '10.15580715'),
(6, '105.5588671', '10.16147397'),
(6, '105.5570469', '10.16290841'),
(6, '105.5721886', '10.18755817'),
(6, '105.5764553', '10.19032072'),
(6, '105.5846665', '10.19002794'),
(6, '105.5889698', '10.1896899'),
(6, '105.5924869', '10.18973034'),
(6, '105.594809', '10.19169499'),
(6, '105.5951635', '10.19479983'),
(6, '105.5939322', '10.1998245'),
(6, '105.5950865', '10.20138816'),
(6, '105.5990127', '10.19988277'),
(7, '105.5487866', '10.23654743'),
(7, '105.5493767', '10.23397516'),
(7, '105.5496523', '10.21072617'),
(7, '105.5494044', '10.20672095'),
(7, '105.5490847', '10.19817749'),
(7, '105.5488096', '10.19211433'),
(7, '105.5486778', '10.18766639'),
(7, '105.5482779', '10.18264765'),
(7, '105.5479374', '10.176471'),
(7, '105.5477842', '10.17396456'),
(7, '105.5477322', '10.17258842'),
(7, '105.5480284', '10.1716049'),
(7, '105.5487708', '10.17017828'),
(7, '105.5497116', '10.16865302'),
(7, '105.5504056', '10.16796374'),
(7, '105.5557257', '10.16394967'),
(7, '105.5570469', '10.16290841'),
(7, '105.5588671', '10.16147397'),
(7, '105.5655723', '10.15580715'),
(7, '105.5676188', '10.15404985'),
(7, '105.5680638', '10.15366775'),
(7, '105.577457', '10.14492706'),
(7, '105.5792002', '10.14324486'),
(7, '105.5683179', '10.13443644'),
(7, '105.5117961', '10.08868625'),
(7, '105.5081297', '10.08864267'),
(7, '105.5058217', '10.08997931'),
(7, '105.500311', '10.09082302'),
(7, '105.4999301', '10.08445268'),
(7, '105.5007904', '10.08120575'),
(7, '105.5061744', '10.06088339'),
(7, '105.5020724', '10.0590158'),
(7, '105.5026079', '10.05265674'),
(7, '105.4980589', '10.04987443'),
(7, '105.4852234', '10.05017539'),
(7, '105.4732988', '10.05094122'),
(7, '105.4660725', '10.05123107'),
(7, '105.4567652', '10.05160402'),
(7, '105.4558754', '10.05163965'),
(7, '105.4439393', '10.05331302'),
(7, '105.44076', '10.05100084'),
(7, '105.4386388', '10.0373349'),
(7, '105.4337519', '10.02499936'),
(7, '105.4238285', '10.01946952'),
(7, '105.4165376', '10.02628639'),
(7, '105.4140487', '10.02869522'),
(7, '105.4095231', '10.03293992'),
(7, '105.4049982', '10.0371818'),
(7, '105.3980453', '10.04351994'),
(7, '105.3974373', '10.04251345'),
(7, '105.3839153', '10.05521909'),
(7, '105.3745725', '10.06350989'),
(7, '105.3626421', '10.07437341'),
(7, '105.3623355', '10.07473552'),
(7, '105.3550325', '10.08336093'),
(7, '105.3531967', '10.09282787'),
(7, '105.3526251', '10.0954283'),
(7, '105.3514125', '10.10143354'),
(7, '105.3474028', '10.10622679'),
(7, '105.3438666', '10.11026561'),
(7, '105.3422442', '10.12136738'),
(7, '105.3391136', '10.14227171'),
(7, '105.343572', '10.14725186'),
(7, '105.3464205', '10.15043352'),
(7, '105.348293', '10.15156897'),
(7, '105.3511992', '10.15442032'),
(7, '105.3551951', '10.15834073'),
(7, '105.3664374', '10.17061369'),
(7, '105.3730933', '10.17069724'),
(7, '105.3768467', '10.17000152'),
(7, '105.3831635', '10.17057566'),
(7, '105.3857374', '10.17102043'),
(7, '105.3862345', '10.17119169'),
(7, '105.3868033', '10.17227163'),
(7, '105.3873763', '10.17302152'),
(7, '105.4049101', '10.16679672'),
(7, '105.4133507', '10.16379957'),
(7, '105.439651', '10.18620758'),
(7, '105.4507297', '10.18671514'),
(7, '105.466205', '10.19245627'),
(7, '105.4664131', '10.19260692'),
(7, '105.4687794', '10.19960455'),
(7, '105.4700385', '10.20322386'),
(7, '105.4757896', '10.2090246'),
(7, '105.4797717', '10.21625124'),
(7, '105.481757', '10.22947932'),
(7, '105.4836669', '10.22973939'),
(7, '105.4847313', '10.23070066'),
(7, '105.5021394', '10.22704612'),
(7, '105.5147312', '10.22021869'),
(7, '105.5157753', '10.21981888'),
(7, '105.5182232', '10.22355329'),
(7, '105.5240179', '10.22906736'),
(7, '105.5302554', '10.22823337'),
(7, '105.5326633', '10.22907207'),
(7, '105.533132', '10.23739046'),
(7, '105.5277149', '10.23849066'),
(7, '105.5267254', '10.24076727'),
(7, '105.5336835', '10.24196825'),
(7, '105.5449318', '10.24390973'),
(7, '105.5487866', '10.23654743'),
(8, '105.48554', '10.32103707'),
(8, '105.4863984', '10.31874272'),
(8, '105.4884629', '10.31754862'),
(8, '105.489879', '10.31449031'),
(8, '105.4891037', '10.31380124'),
(8, '105.4884335', '10.31253076'),
(8, '105.4897317', '10.31050696'),
(8, '105.490041', '10.30924822'),
(8, '105.4886863', '10.30787244'),
(8, '105.4872207', '10.30756354'),
(8, '105.4866473', '10.30639134'),
(8, '105.4886916', '10.2994239'),
(8, '105.4882126', '10.29854418'),
(8, '105.4874385', '10.29775803'),
(8, '105.4874468', '10.29707837'),
(8, '105.4883342', '10.29660345'),
(8, '105.4895214', '10.29564658'),
(8, '105.4903238', '10.29410245'),
(8, '105.4909198', '10.29342982'),
(8, '105.4921989', '10.29295959'),
(8, '105.4933801', '10.29248817'),
(8, '105.4952518', '10.29011508'),
(8, '105.4955485', '10.2897389'),
(8, '105.4998814', '10.28546635'),
(8, '105.5012317', '10.28316247'),
(8, '105.5046842', '10.28116435'),
(8, '105.5046936', '10.28038761'),
(8, '105.5011328', '10.26836345'),
(8, '105.4971194', '10.25420604'),
(8, '105.4950424', '10.24801581'),
(8, '105.4933815', '10.24692888'),
(8, '105.4918272', '10.24691028'),
(8, '105.4909917', '10.24678172'),
(8, '105.4903221', '10.24286108'),
(8, '105.4896062', '10.24273394'),
(8, '105.4885244', '10.24319524'),
(8, '105.48781', '10.24294954'),
(8, '105.4880636', '10.24176694'),
(8, '105.4884454', '10.23987451'),
(8, '105.4847313', '10.23070066'),
(8, '105.4836669', '10.22973939'),
(8, '105.481757', '10.22947932'),
(8, '105.4797717', '10.21625124'),
(8, '105.4757896', '10.2090246'),
(8, '105.4700385', '10.20322386'),
(8, '105.4687794', '10.19960455'),
(8, '105.4664131', '10.19260692'),
(8, '105.466205', '10.19245627'),
(8, '105.4507297', '10.18671514'),
(8, '105.439651', '10.18620758'),
(8, '105.4133507', '10.16379957'),
(8, '105.4049101', '10.16679672'),
(8, '105.3873763', '10.17302152'),
(8, '105.3868033', '10.17227163'),
(8, '105.3862345', '10.17119169'),
(8, '105.3857374', '10.17102043'),
(8, '105.3831635', '10.17057566'),
(8, '105.3768467', '10.17000152'),
(8, '105.3730933', '10.17069724'),
(8, '105.3664374', '10.17061369'),
(8, '105.3551951', '10.15834073'),
(8, '105.3511992', '10.15442032'),
(8, '105.348293', '10.15156897'),
(8, '105.3464205', '10.15043352'),
(8, '105.343572', '10.14725186'),
(8, '105.3391136', '10.14227171'),
(8, '105.3422442', '10.12136738'),
(8, '105.3438666', '10.11026561'),
(8, '105.3432332', '10.11098897'),
(8, '105.3401145', '10.11471765'),
(8, '105.337622', '10.11758689'),
(8, '105.3153236', '10.14234601'),
(8, '105.3089105', '10.13553221'),
(8, '105.3047731', '10.14010853'),
(8, '105.3051612', '10.140508'),
(8, '105.3015625', '10.14447972'),
(8, '105.2963332', '10.13939231'),
(8, '105.2866082', '10.14983995'),
(8, '105.2756233', '10.16027732'),
(8, '105.2626146', '10.17084092'),
(8, '105.2240001', '10.20204174'),
(8, '105.2298143', '10.21010182'),
(8, '105.231408', '10.21231109'),
(8, '105.2443914', '10.23030735'),
(8, '105.2511422', '10.23931862'),
(8, '105.2514685', '10.23963183'),
(8, '105.2590268', '10.24688635'),
(8, '105.2651257', '10.23950314'),
(8, '105.2872201', '10.26078971'),
(8, '105.2854645', '10.26358188'),
(8, '105.299409', '10.2781355'),
(8, '105.3046132', '10.26986702'),
(8, '105.3104798', '10.27528097'),
(8, '105.3291667', '10.24418147'),
(8, '105.3293004', '10.24396311'),
(8, '105.3345772', '10.23528763'),
(8, '105.3355181', '10.2355793'),
(8, '105.3642651', '10.24439055'),
(8, '105.3866339', '10.25106952'),
(8, '105.3977373', '10.25438383'),
(8, '105.3987711', '10.25474548'),
(8, '105.3995478', '10.2550546'),
(8, '105.4128661', '10.26033009'),
(8, '105.425729', '10.26546968'),
(8, '105.426665', '10.26584534'),
(8, '105.4396649', '10.27069919'),
(8, '105.4372275', '10.2762108'),
(8, '105.424897', '10.30408942'),
(8, '105.4669727', '10.31175678'),
(8, '105.4794701', '10.31499684'),
(8, '105.4811558', '10.31615064'),
(8, '105.4820847', '10.31684305'),
(8, '105.4824806', '10.31725542'),
(8, '105.4828941', '10.31799815'),
(8, '105.4834287', '10.31923625'),
(8, '105.4839465', '10.32075519'),
(8, '105.4841772', '10.32155857'),
(8, '105.48554', '10.32103707'),
(9, '105.4945025', '10.3262132'),
(9, '105.5119414', '10.30857275'),
(9, '105.5144193', '10.30703277'),
(9, '105.518241', '10.30559302'),
(9, '105.5218559', '10.30415357'),
(9, '105.5308386', '10.29891643'),
(9, '105.5409553', '10.29224352'),
(9, '105.5476384', '10.28683824'),
(9, '105.5547841', '10.28105827'),
(9, '105.5562352', '10.27967029'),
(9, '105.5656166', '10.27069694'),
(9, '105.5765528', '10.2609495'),
(9, '105.5787505', '10.25883213'),
(9, '105.5864554', '10.2514084'),
(9, '105.5981095', '10.23950856'),
(9, '105.602439', '10.23407327'),
(9, '105.6050795', '10.23067365'),
(9, '105.6076958', '10.22730499'),
(9, '105.6116103', '10.22115357'),
(9, '105.6150161', '10.21338513'),
(9, '105.6155194', '10.21223727'),
(9, '105.6175743', '10.2062941'),
(9, '105.6207515', '10.19307826'),
(9, '105.6230144', '10.18795388'),
(9, '105.6268285', '10.18364571'),
(9, '105.6250371', '10.18420144'),
(9, '105.6139849', '10.18958864'),
(9, '105.6104408', '10.19187383'),
(9, '105.5990127', '10.19988277'),
(9, '105.5950865', '10.20138816'),
(9, '105.5939322', '10.1998245'),
(9, '105.5951635', '10.19479983'),
(9, '105.594809', '10.19169499'),
(9, '105.5924869', '10.18973034'),
(9, '105.5889698', '10.1896899'),
(9, '105.5846665', '10.19002794'),
(9, '105.5764553', '10.19032072'),
(9, '105.5721886', '10.18755817'),
(9, '105.5570469', '10.16290841'),
(9, '105.5557257', '10.16394967'),
(9, '105.5504056', '10.16796374'),
(9, '105.5497116', '10.16865302'),
(9, '105.5487708', '10.17017828'),
(9, '105.5480284', '10.1716049'),
(9, '105.5477322', '10.17258842'),
(9, '105.5477842', '10.17396456'),
(9, '105.5479374', '10.176471'),
(9, '105.5482779', '10.18264765'),
(9, '105.5486778', '10.18766639'),
(9, '105.5488096', '10.19211433'),
(9, '105.5490847', '10.19817749'),
(9, '105.5494044', '10.20672095'),
(9, '105.5496523', '10.21072617'),
(9, '105.5493767', '10.23397516'),
(9, '105.5487866', '10.23654743'),
(9, '105.5449318', '10.24390973'),
(9, '105.5336835', '10.24196825'),
(9, '105.5267254', '10.24076727'),
(9, '105.5277149', '10.23849066'),
(9, '105.533132', '10.23739046'),
(9, '105.5326633', '10.22907207'),
(9, '105.5302554', '10.22823337'),
(9, '105.5240179', '10.22906736'),
(9, '105.5182232', '10.22355329'),
(9, '105.5157753', '10.21981888'),
(9, '105.5147312', '10.22021869'),
(9, '105.5021394', '10.22704612'),
(9, '105.4847313', '10.23070066'),
(9, '105.4884454', '10.23987451'),
(9, '105.4880636', '10.24176694'),
(9, '105.48781', '10.24294954'),
(9, '105.4885244', '10.24319524'),
(9, '105.4896062', '10.24273394'),
(9, '105.4903221', '10.24286108'),
(9, '105.4909917', '10.24678172'),
(9, '105.4918272', '10.24691028'),
(9, '105.4933815', '10.24692888'),
(9, '105.4950424', '10.24801581'),
(9, '105.4971194', '10.25420604'),
(9, '105.5011328', '10.26836345'),
(9, '105.5046936', '10.28038761'),
(9, '105.5046842', '10.28116435'),
(9, '105.5012317', '10.28316247'),
(9, '105.4998814', '10.28546635'),
(9, '105.4955485', '10.2897389'),
(9, '105.4952518', '10.29011508'),
(9, '105.4933801', '10.29248817'),
(9, '105.4921989', '10.29295959'),
(9, '105.4909198', '10.29342982'),
(9, '105.4903238', '10.29410245'),
(9, '105.4895214', '10.29564658'),
(9, '105.4883342', '10.29660345'),
(9, '105.4874468', '10.29707837'),
(9, '105.4874385', '10.29775803'),
(9, '105.4882126', '10.29854418'),
(9, '105.4886916', '10.2994239'),
(9, '105.4866473', '10.30639134'),
(9, '105.4872207', '10.30756354'),
(9, '105.4886863', '10.30787244'),
(9, '105.490041', '10.30924822'),
(9, '105.4897317', '10.31050696'),
(9, '105.4884335', '10.31253076'),
(9, '105.4891037', '10.31380124'),
(9, '105.489879', '10.31449031'),
(9, '105.4884629', '10.31754862'),
(9, '105.4863984', '10.31874272'),
(9, '105.48554', '10.32103707'),
(9, '105.4841772', '10.32155857'),
(9, '105.4844302', '10.32243937'),
(9, '105.4849655', '10.32420607'),
(9, '105.4851896', '10.32463521'),
(9, '105.4854304', '10.32481655'),
(9, '105.4888522', '10.32664333'),
(9, '105.4929557', '10.32787861'),
(9, '105.4945025', '10.3262132');

-- --------------------------------------------------------

--
-- Cấu trúc bảng cho bảng `danhgia`
--

CREATE TABLE `danhgia` (
  `dg_ma` int(11) NOT NULL,
  `dg_diem` float NOT NULL
) ENGINE=InnoDB DEFAULT CHARSET=utf8mb4 COLLATE=utf8mb4_vietnamese_ci;

--
-- Đang đổ dữ liệu cho bảng `danhgia`
--

INSERT INTO `danhgia` (`dg_ma`, `dg_diem`) VALUES
(1, 1),
(2, 2),
(3, 3),
(4, 4),
(5, 5);

-- --------------------------------------------------------

--
-- Cấu trúc bảng cho bảng `dg`
--

CREATE TABLE `dg` (
  `gia` float NOT NULL,
  `ct_ma` int(11) NOT NULL,
  `l_ma` int(11) NOT NULL,
  `thoidiem` datetime NOT NULL
) ENGINE=InnoDB DEFAULT CHARSET=utf8mb4 COLLATE=utf8mb4_vietnamese_ci;

-- --------------------------------------------------------

--
-- Cấu trúc bảng cho bảng `loaixangdau`
--

CREATE TABLE `loaixangdau` (
  `l_ma` int(11) NOT NULL,
  `l_ten` varchar(30) COLLATE utf8mb4_vietnamese_ci NOT NULL
) ENGINE=InnoDB DEFAULT CHARSET=utf8mb4 COLLATE=utf8mb4_vietnamese_ci;

--
-- Đang đổ dữ liệu cho bảng `loaixangdau`
--

INSERT INTO `loaixangdau` (`l_ma`, `l_ten`) VALUES
(1, 'A92');

-- --------------------------------------------------------

--
-- Cấu trúc bảng cho bảng `phuongxa`
--

CREATE TABLE `phuongxa` (
  `px_ma` int(11) NOT NULL,
  `px_ten` varchar(30) COLLATE utf8mb4_vietnamese_ci NOT NULL,
  `qh_ma` int(11) NOT NULL
) ENGINE=InnoDB DEFAULT CHARSET=utf8mb4 COLLATE=utf8mb4_vietnamese_ci;

--
-- Đang đổ dữ liệu cho bảng `phuongxa`
--

INSERT INTO `phuongxa` (`px_ma`, `px_ten`, `qh_ma`) VALUES
(1, 'Xã Thạnh Mỹ', 9),
(2, 'phường Tân An', 4),
(3, 'phường Bùi Hữu Nghĩa', 1),
(4, 'phường Châu Văn Liêm', 5),
(5, 'xã Đông Bình', 7),
(6, 'xã Đông Thuận', 7),
(7, 'Xã Vĩnh Trinh', 9),
(8, 'Xã Thạnh Lợi', 9),
(9, 'phường Tân Lộc', 8),
(10, 'Xã Thạnh Quới', 9),
(11, 'phường Thốt Nốt', 8),
(12, 'phường An Bình', 1),
(13, 'phường An Cư', 4),
(14, 'phường An Hòa', 4),
(15, 'phường An Khánh', 4),
(16, 'phường An Nghiệp', 4),
(17, 'phường An Phú', 4),
(18, 'phường An Thới', 1),
(19, 'phường Ba Láng', 3),
(20, 'phường Bình Thuỷ', 1),
(21, 'phường Cái Khế', 4),
(22, 'phường Hưng Lợi', 4),
(23, 'phường Hưng Phú ', 3),
(24, 'phường Hưng Thạnh', 3),
(25, 'phường Lê Bình', 3),
(26, 'phường Long Hòa', 1),
(27, 'phường Long Tuyền', 1),
(28, 'phường Phú Thứ', 3),
(29, 'phường Phước Thới', 5),
(30, 'phường Trà An', 1),
(31, 'phường Thới Bình', 4),
(32, 'phường Thới Hòa', 5),
(33, 'phường Thới Long', 5),
(34, 'Phường Trà Nóc', 1),
(35, 'phường Tân Phú', 3),
(36, 'phường Thường Thạnh', 3),
(37, 'phường Xuân Khánh', 4),
(38, 'xã Thạnh Thắng', 9),
(39, 'xã Thạnh Tiến', 9),
(40, 'xã Thạnh An', 9),
(41, 'phường Thới An', 5),
(42, 'phường Thới An Đông', 1),
(43, 'phường Thuận An', 8),
(44, 'phường Thạnh Hòa ', 8),
(45, 'phường Tân Hưng', 8),
(46, 'phường Trung Kiên', 8),
(47, 'phường Trường Lạc', 5),
(48, 'phường Tân Lộc', 8),
(49, 'xã Trường Long', 6),
(50, 'xã Thạnh Lộc', 9),
(51, 'phường Thốt Nốt', 8),
(52, 'phường Trung nhất', 8),
(53, 'phường Thới Thuận', 8),
(54, 'Thị Trấn Cờ Đỏ', 2),
(55, 'Thị trấn Phong Điền', 6),
(56, 'Thị trấn Thanh An', 9),
(57, 'Thị Trấn Thới Lai', 7),
(58, 'Thị trấn Vĩnh Thạnh', 9),
(59, 'xã Thới Tân', 7),
(60, 'xã Trường Thắng', 7),
(61, 'xã Trường Thành ', 7),
(62, 'xã Thới Thạnh', 7),
(63, 'xã Đông Hiệp', 2),
(64, 'xã Đinh Môn', 7),
(65, 'xã Đông Thắng', 2),
(66, 'xã Giai Xuân', 6),
(67, 'xã Mỹ Khánh', 6),
(68, 'xã Nhơn Ái', 6),
(69, 'xã Nhơn Nghĩa', 6),
(70, 'xã Trung An', 2),
(71, 'xã Tân Thới', 6),
(72, 'xã Tân Thạnh', 7),
(73, 'xã Thới Đông', 2),
(74, 'xã Trung Hưng', 2),
(75, 'xã Thạnh Phú', 2),
(76, 'xã Trung Thạnh', 2),
(77, 'xã Xuân Thắng', 7),
(78, 'xã Thới Xuân', 2),
(79, 'xã Trường Xuân', 7),
(80, 'xã Trường Xuân A', 7),
(81, 'xã Trường Xuân B', 7);

-- --------------------------------------------------------

--
-- Cấu trúc bảng cho bảng `quanhuyen`
--

CREATE TABLE `quanhuyen` (
  `qh_ma` int(11) NOT NULL,
  `qh_ten` varchar(100) COLLATE utf8mb4_vietnamese_ci NOT NULL,
  `t_ten` varchar(100) COLLATE utf8mb4_vietnamese_ci NOT NULL,
  `tinhtp_ma` int(11) NOT NULL
) ENGINE=InnoDB DEFAULT CHARSET=utf8mb4 COLLATE=utf8mb4_vietnamese_ci;

--
-- Đang đổ dữ liệu cho bảng `quanhuyen`
--

INSERT INTO `quanhuyen` (`qh_ma`, `qh_ten`, `t_ten`, `tinhtp_ma`) VALUES
(1, 'Cái Răng', 'Cần Thơ', 1),
(2, 'Phong Điền', 'Cần Thơ', 1),
(3, 'Ninh Kiều', 'Cần Thơ', 1),
(4, 'Bình Thủy', 'Cần Thơ', 1),
(5, 'Thới Lai', 'Cần Thơ', 1),
(6, 'Ô Môn', 'Cần Thơ', 1),
(7, 'Cờ Đỏ', 'Cần Thơ', 1),
(8, 'Vĩnh Thạnh', 'Cần Thơ', 1),
(9, 'Thốt Nốt', 'Cần Thơ', 1);

-- --------------------------------------------------------

--
-- Cấu trúc bảng cho bảng `quanly`
--

CREATE TABLE `quanly` (
  `ql_ma` int(11) NOT NULL,
  `ql_ten` varchar(100) COLLATE utf8mb4_vietnamese_ci NOT NULL,
  `ql_sdt` char(12) COLLATE utf8mb4_vietnamese_ci NOT NULL,
  `ql_email` varchar(30) COLLATE utf8mb4_vietnamese_ci NOT NULL,
  `ql_pass` varchar(12) COLLATE utf8mb4_vietnamese_ci NOT NULL,
  `ql_diachi` varchar(100) COLLATE utf8mb4_vietnamese_ci NOT NULL
) ENGINE=InnoDB DEFAULT CHARSET=utf8mb4 COLLATE=utf8mb4_vietnamese_ci;

--
-- Đang đổ dữ liệu cho bảng `quanly`
--

INSERT INTO `quanly` (`ql_ma`, `ql_ten`, `ql_sdt`, `ql_email`, `ql_pass`, `ql_diachi`) VALUES
(1, 'Huynh Nga', '0123', 'nga@gmail.com', '123', 'sinh to');

-- --------------------------------------------------------

--
-- Cấu trúc bảng cho bảng `thoigian`
--

CREATE TABLE `thoigian` (
  `thoidiem` datetime NOT NULL
) ENGINE=InnoDB DEFAULT CHARSET=utf8mb4 COLLATE=utf8mb4_vietnamese_ci;

-- --------------------------------------------------------

--
-- Cấu trúc bảng cho bảng `tinhtp`
--

CREATE TABLE `tinhtp` (
  `tinhtp_ma` int(11) NOT NULL,
  `tinhtp_ten` varchar(100) COLLATE utf8mb4_vietnamese_ci NOT NULL
) ENGINE=InnoDB DEFAULT CHARSET=utf8mb4 COLLATE=utf8mb4_vietnamese_ci;

--
-- Đang đổ dữ liệu cho bảng `tinhtp`
--

INSERT INTO `tinhtp` (`tinhtp_ma`, `tinhtp_ten`) VALUES
(1, 'Cần Thơ');

-- --------------------------------------------------------

--
-- Cấu trúc bảng cho bảng `trambanle`
--

CREATE TABLE `trambanle` (
  `t_ma` int(11) NOT NULL,
  `t_ten` varchar(100) COLLATE utf8mb4_vietnamese_ci NOT NULL,
  `t_diachi` varchar(100) COLLATE utf8mb4_vietnamese_ci NOT NULL,
  `t_sdt` varchar(12) COLLATE utf8mb4_vietnamese_ci NOT NULL,
  `t_lat` varchar(30) COLLATE utf8mb4_vietnamese_ci NOT NULL,
  `t_long` varchar(30) COLLATE utf8mb4_vietnamese_ci NOT NULL,
  `ct_ma` int(11) NOT NULL,
  `l_ma` int(11) NOT NULL,
  `px_ma` int(11) NOT NULL
) ENGINE=InnoDB DEFAULT CHARSET=utf8mb4 COLLATE=utf8mb4_vietnamese_ci;

--
-- Đang đổ dữ liệu cho bảng `trambanle`
--

INSERT INTO `trambanle` (`t_ma`, `t_ten`, `t_diachi`, `t_sdt`, `t_lat`, `t_long`, `ct_ma`, `l_ma`, `px_ma`) VALUES
(1, 'Xăng 3/2', '3/2', '0123', '10.032762', '105.768524', 3, 1, 1),
(2, 'Nguyễn Thị Huỳnh Nga', 'sdqd', '12', '10.0279603', '105.769642', 2, 1, 2),
(3, 'Nguyễn Thị Huỳnh', '4324', '43243', '10.025775', '105.770709', 3, 1, 3),
(4, 'A', 'vvv', '0123', '10.036926', '105.769479', 4, 1, 20),
(5, 'A', 'vvv', '0123', '10.033389\n', '105.766841', 4, 1, 1),
(6, 'B', 'v', '0123', '10.036075', '105.765205', 1, 1, 23),
(7, 'C', 'a', '0123', '10.028822', '105.774116', 3, 1, 37),
(8, 'Xăng 3/2', '3/2', '0123', '10.032762', '105.768524', 3, 1, 6),
(9, 'Xăng 3/2', '3/2', '0123', '10.032762', '105.768524', 3, 1, 10),
(10, 'Xăng 3/2', '3/2', '0123', '10.032762', '105.768524', 3, 1, 40),
(11, 'quyên', '', '0123456799', '', '', 3, 1, 6),
(12, 's', '', '', '', '', 4, 1, 26),
(13, 'e', '', '', '', '', 3, 1, 14),
(14, 'h', '', '', '', '', 3, 1, 29),
(15, 'j', '', '', '', '', 3, 1, 53);

-- --------------------------------------------------------

--
-- Cấu trúc đóng vai cho view `tramxanga`
-- (See below for the actual view)
--
CREATE TABLE `tramxanga` (
`t_ma` int(11)
,`ct_ma` int(11)
,`ct_ten` varchar(100)
,`qh_ten` varchar(100)
);

-- --------------------------------------------------------

--
-- Cấu trúc đóng vai cho view `tramxangb`
-- (See below for the actual view)
--
CREATE TABLE `tramxangb` (
`t_ma` int(11)
,`ct_ma` int(11)
,`ct_ten` varchar(100)
,`qh_ten` varchar(100)
);

-- --------------------------------------------------------

--
-- Cấu trúc cho view `tramxanga`
--
DROP TABLE IF EXISTS `tramxanga`;

CREATE ALGORITHM=UNDEFINED DEFINER=`root`@`localhost` SQL SECURITY DEFINER VIEW `tramxanga`  AS SELECT `a`.`t_ma` AS `t_ma`, `a`.`ct_ma` AS `ct_ma`, `d`.`ct_ten` AS `ct_ten`, `c`.`qh_ten` AS `qh_ten` FROM (((`trambanle` `a` join `phuongxa` `b`) join `quanhuyen` `c`) join `congtydaumoi` `d`) WHERE `a`.`px_ma` = `b`.`px_ma` AND `b`.`qh_ma` = `c`.`qh_ma` AND `a`.`ct_ma` = `d`.`ct_ma` AND `a`.`ct_ma` = 3333  ;

-- --------------------------------------------------------

--
-- Cấu trúc cho view `tramxangb`
--
DROP TABLE IF EXISTS `tramxangb`;

CREATE ALGORITHM=UNDEFINED DEFINER=`root`@`localhost` SQL SECURITY DEFINER VIEW `tramxangb`  AS SELECT `a`.`t_ma` AS `t_ma`, `a`.`ct_ma` AS `ct_ma`, `d`.`ct_ten` AS `ct_ten`, `c`.`qh_ten` AS `qh_ten` FROM (((`trambanle` `a` join `phuongxa` `b`) join `quanhuyen` `c`) join `congtydaumoi` `d`) WHERE `a`.`px_ma` = `b`.`px_ma` AND `b`.`qh_ma` = `c`.`qh_ma` AND `a`.`ct_ma` = `d`.`ct_ma` AND `a`.`ct_ma` = 4444  ;

--
-- Chỉ mục cho các bảng đã đổ
--

--
-- Chỉ mục cho bảng `congtydaumoi`
--
ALTER TABLE `congtydaumoi`
  ADD PRIMARY KEY (`ct_ma`),
  ADD KEY `ql_ma` (`ql_ma`),
  ADD KEY `px_ma` (`px_ma`);

--
-- Chỉ mục cho bảng `danhgia`
--
ALTER TABLE `danhgia`
  ADD PRIMARY KEY (`dg_ma`);

--
-- Chỉ mục cho bảng `dg`
--
ALTER TABLE `dg`
  ADD KEY `ct_ma` (`ct_ma`),
  ADD KEY `l_ma` (`l_ma`),
  ADD KEY `thoidiem` (`thoidiem`);

--
-- Chỉ mục cho bảng `loaixangdau`
--
ALTER TABLE `loaixangdau`
  ADD PRIMARY KEY (`l_ma`);

--
-- Chỉ mục cho bảng `phuongxa`
--
ALTER TABLE `phuongxa`
  ADD PRIMARY KEY (`px_ma`),
  ADD KEY `qh_ma` (`qh_ma`);

--
-- Chỉ mục cho bảng `quanhuyen`
--
ALTER TABLE `quanhuyen`
  ADD PRIMARY KEY (`qh_ma`),
  ADD KEY `tinhtp_ma` (`tinhtp_ma`);

--
-- Chỉ mục cho bảng `quanly`
--
ALTER TABLE `quanly`
  ADD PRIMARY KEY (`ql_ma`);

--
-- Chỉ mục cho bảng `thoigian`
--
ALTER TABLE `thoigian`
  ADD PRIMARY KEY (`thoidiem`);

--
-- Chỉ mục cho bảng `tinhtp`
--
ALTER TABLE `tinhtp`
  ADD PRIMARY KEY (`tinhtp_ma`);

--
-- Chỉ mục cho bảng `trambanle`
--
ALTER TABLE `trambanle`
  ADD PRIMARY KEY (`t_ma`),
  ADD KEY `l_ma` (`l_ma`),
  ADD KEY `px_ma` (`px_ma`),
  ADD KEY `ct_ma` (`ct_ma`);

--
-- AUTO_INCREMENT cho các bảng đã đổ
--

--
-- AUTO_INCREMENT cho bảng `congtydaumoi`
--
ALTER TABLE `congtydaumoi`
  MODIFY `ct_ma` int(11) NOT NULL AUTO_INCREMENT, AUTO_INCREMENT=5;

--
-- AUTO_INCREMENT cho bảng `danhgia`
--
ALTER TABLE `danhgia`
  MODIFY `dg_ma` int(11) NOT NULL AUTO_INCREMENT, AUTO_INCREMENT=10;

--
-- AUTO_INCREMENT cho bảng `loaixangdau`
--
ALTER TABLE `loaixangdau`
  MODIFY `l_ma` int(11) NOT NULL AUTO_INCREMENT, AUTO_INCREMENT=2;

--
-- AUTO_INCREMENT cho bảng `phuongxa`
--
ALTER TABLE `phuongxa`
  MODIFY `px_ma` int(11) NOT NULL AUTO_INCREMENT, AUTO_INCREMENT=82;

--
-- AUTO_INCREMENT cho bảng `quanhuyen`
--
ALTER TABLE `quanhuyen`
  MODIFY `qh_ma` int(11) NOT NULL AUTO_INCREMENT, AUTO_INCREMENT=10;

--
-- AUTO_INCREMENT cho bảng `quanly`
--
ALTER TABLE `quanly`
  MODIFY `ql_ma` int(11) NOT NULL AUTO_INCREMENT, AUTO_INCREMENT=2;

--
-- AUTO_INCREMENT cho bảng `trambanle`
--
ALTER TABLE `trambanle`
  MODIFY `t_ma` int(11) NOT NULL AUTO_INCREMENT, AUTO_INCREMENT=16;

--
-- Các ràng buộc cho các bảng đã đổ
--

--
-- Các ràng buộc cho bảng `congtydaumoi`
--
ALTER TABLE `congtydaumoi`
  ADD CONSTRAINT `congtydaumoi_ibfk_2` FOREIGN KEY (`ql_ma`) REFERENCES `quanly` (`ql_ma`),
  ADD CONSTRAINT `congtydaumoi_ibfk_3` FOREIGN KEY (`px_ma`) REFERENCES `phuongxa` (`px_ma`);

--
-- Các ràng buộc cho bảng `phuongxa`
--
ALTER TABLE `phuongxa`
  ADD CONSTRAINT `phuongxa_ibfk_1` FOREIGN KEY (`qh_ma`) REFERENCES `quanhuyen` (`qh_ma`);

--
-- Các ràng buộc cho bảng `quanhuyen`
--
ALTER TABLE `quanhuyen`
  ADD CONSTRAINT `quanhuyen_ibfk_1` FOREIGN KEY (`tinhtp_ma`) REFERENCES `tinhtp` (`tinhtp_ma`);

--
-- Các ràng buộc cho bảng `trambanle`
--
ALTER TABLE `trambanle`
  ADD CONSTRAINT `trambanle_ibfk_1` FOREIGN KEY (`l_ma`) REFERENCES `loaixangdau` (`l_ma`),
  ADD CONSTRAINT `trambanle_ibfk_2` FOREIGN KEY (`px_ma`) REFERENCES `phuongxa` (`px_ma`),
  ADD CONSTRAINT `trambanle_ibfk_3` FOREIGN KEY (`ct_ma`) REFERENCES `congtydaumoi` (`ct_ma`);
COMMIT;

/*!40101 SET CHARACTER_SET_CLIENT=@OLD_CHARACTER_SET_CLIENT */;
/*!40101 SET CHARACTER_SET_RESULTS=@OLD_CHARACTER_SET_RESULTS */;
/*!40101 SET COLLATION_CONNECTION=@OLD_COLLATION_CONNECTION */;
